Time (s),Mass (g),O2 (Vol fr),CO2 (Vol fr),CO (Vol fr),HRR (kW/m2),MFR (kg/s)
0.0,0.332966,0.1948324248,0.0006116043,8.541480000000001e-05,2.600019588589872,0.026162333444797
1.0,0.335887,0.1948299534999999,0.0006240585,8.57734e-05,2.607399841813163,0.0262776043431278
2.0,0.339582,0.1948758841,0.0006423898999999,8.783010000000001e-05,-0.0622877139629206,0.0258317683736506
3.0,0.342993,0.1949062438,0.0006451532,9.08752e-05,-1.7212014295765508,0.0256711495101081
4.0,0.346354,0.1949151949,0.0006234158,9.10783e-05,-1.9736461998420527,0.0257229691255716
5.0,0.349304,0.1948844958999999,0.0006084797,8.935770000000001e-05,-0.1972888867119615,0.0263411516019278
6.0,0.351862,0.1948295391,0.0006038791,8.839400000000001e-05,2.7980692921590875,0.0263319479353926
7.0,0.354737,0.1948370207,0.0006120038,8.83608e-05,2.284353912263567,0.0259798599616089
8.0,0.35773,0.1948862592,0.0006379021999999,8.98091e-05,-0.5896871641536436,0.0256527120847336
9.0,0.360921,0.1949304592,0.0006356137,9.14785e-05,-2.881452198534782,0.025559403022374
,,,,,,
,,,,,,
,,,,,,
,,,,,,
,,,,,,
,,,,,,
,,,,,,
,,,,,,
,,,,,,
,,,,,,
,,,,,,
,,,,,,
