Time (s),O2 (Vol fr),CO2 (Vol fr),CO (Vol fr),HRR (kW/m2),MFR (kg/s),k_smoke (1/m),original HRR (kW/m2),Mass (g)
-3.0,,,,,,,,
-2.0,,,,,,,,
-1.0,,,,,,,,
0.0,,,,,0.003673337768652115,,,-159.04913717
1.0,,,,,0.004313040080518166,,,-158.93796737
2.0,,,,,0.0020472004008088222,,,-159.01176112
3.0,,,,,,,,-158.92512534
4.0,,,,,,,,-158.99240224
5.0,,,,,,,,-159.01923633
6.0,,,,,,,,-158.93049216
7.0,,,,,,,,-158.98550204
8.0,,,,,,,,-158.96844323
